login;password
CondaAnna@sio.jjr.fr;°d2eiLyli
GrammeAnna@sio.jjr.fr;z5Vt°slge
ShowArty@sio.jjr.fr;0ao*bqtuT
BoréalAurore@sio.jjr.fr;3pft@Pvgx
SonjoliAxelle@sio.jjr.fr;dguig*Js0
OhazarBalthazar@sio.jjr.fr;em9dRrkq&
de KochBasile@sio.jjr.fr;otK&4tfjl
PacherBonaparte@sio.jjr.fr;dfm8nMoa@
GlaceBrice@sio.jjr.fr;tvseiXu°0
NulpartCarmen@sio.jjr.fr;h&Ek2zkqx
TrophobClaus@sio.jjr.fr;srL*ig7cv
MoletteCléa@sio.jjr.fr;1ycvPt°vh
SilCody@sio.jjr.fr;bmruQ4ne@
RondiDeborah@sio.jjr.fr;jM&hvrxf2
ÉpiFany@sio.jjr.fr;h0v&qEqxx
PassyFlore@sio.jjr.fr;abBrkp&9m
CitonGarry@sio.jjr.fr;D&t7munmo
MerGérard@sio.jjr.fr;Nsrn°ysf5
MonlatinGilbert@sio.jjr.fr;&ij5mrmJz
de MichelinGuy@sio.jjr.fr;ihy&El7sy
NessGuy@sio.jjr.fr;Rt4aeev&m
DehunHélène@sio.jjr.fr;qncsa°6iD
SaravIgor@sio.jjr.fr;nrQ°vko2x
LepoissonIvanhoé@sio.jjr.fr;ngcdjRh°3
TretouJean-Régis@sio.jjr.fr;°rslVf7ar
CalvaJustin@sio.jjr.fr;3Kylbf@lq
PageMarc@sio.jjr.fr;v5@iamgvC
TimMarie@sio.jjr.fr;opfg@Olp9
CambronneMaude@sio.jjr.fr;3cdj@izaQ
EnrouteMélodie@sio.jjr.fr;sprYd&t6n
ArchiSue@sio.jjr.fr;eBxgnb1u@
IncoufinPat@sio.jjr.fr;fTn0x@ckz
